IMG_4919.jpg,1,$40,10
IMG_4922.jpg,2,$40,10
IMG_4923.jpg,3,$45,10
IMG_4925.jpg,4,$45,10
IMG_4927.jpg,5,$40,10
IMG_4930.jpg,6,$40,10
IMG_4932.jpg,7,$45,10
IMG_4933.jpg,8,$50,10
IMG_4935.jpg,9,$50,10
IMG_4937.jpg,10,$45,10
IMG_5097.jpg,11,$40,10
IMG_5100.jpg,12,$40,10
IMG_5105.jpg,13,$40,10
IMG_5108.jpg,14,$65,10
IMG_5112.jpg,15,$40,10
IMG_5116.jpg,16,$40,10
IMG_3988.jpeg,17,$30,10
IMG_5119.jpg,18,$40,10
IMG_3989.jpeg,19,$60,10
IMG_5122.jpg,20,$40,10
IMG_3992.jpeg,21,$60,10
IMG_5124.jpg,23,$40,10
IMG_3996.jpeg,24,$40,10
IMG_3998.jpeg,26,$60,10
IMG_5128.jpg,27,$40,10
IMG_5131.jpg,28,$40,10
IMG_4001.jpeg,29,$40,8
IMG_5134.jpg,30,$40,10
IMG_4003.jpeg,31,$40,14
IMG_5136.jpg,32,$60,12
IMG_4005.jpeg,33,$40,12
IMG_5140.jpg,34,$60,12
IMG_4007.jpeg,35,$40,12
IMG_5143.jpg,36,$30,12
IMG_4009.jpeg,37,$40,12
IMG_5146.jpg,38,$40,12
IMG_4011.jpeg,39,$40,12
IMG_5149.jpg,40,$40,12
IMG_4013.jpeg,41,$40,12
IMG_5151.jpg,42,$60,12
IMG_4015.jpeg,43,$40,12
IMG_5154.jpg,44,$60,12
IMG_4017.jpeg,45,$40,12
IMG_5158.jpg,46,$40,12
IMG_4019.jpeg,47,$40,12
IMG_5321.jpg,48,$40,12
IMG_0658.jpeg,49,$45,12
IMG_5324.jpg,50,$40,12
IMG_0660.jpeg,51,$60,10
IMG_0663.jpeg,52,$60,12
IMG_5329.jpg,53,$40,12
IMG_0666.jpeg,54,$45,12
IMG_5333.jpg,55,$50,12
IMG_0668.jpeg,56,$45,12
IMG_5335.jpg,57,$40,12
IMG_0671.jpeg,58,$45,12
IMG_5340.jpg,59,$40,12
IMG_0672.jpeg,60,$45,12
IMG_5342.jpg,61,$40,12
IMG_0674.jpeg,62,$40,12
IMG_5344.jpg,63,$40,12
IMG_0677.jpeg,64,$45,12
IMG_5346.jpg,65,$40,12
IMG_0679.jpeg,66,$45,12
IMG_5349.jpg,67,$40,12
IMG_0681.jpeg,68,$40,12
IMG_5353.jpg,69,$40,12
IMG_0683.jpeg,70,$40,12
IMG_5355.jpg,71,$50,12
IMG_0687.jpeg,72,$45,12
IMG_5357.jpg,73,$50,12
IMG_5361.jpg,75,$40,12
IMG_0689.jpeg,76,$40,12
IMG_5363.jpg,77,$60,12
IMG_0691.jpeg,78,$40,12
IMG_5365.jpg,79,$40,12
IMG_0693.jpeg,80,$40,12
IMG_5367.jpg,81,$50,12
IMG_0695.jpeg,82,$45,12
IMG_5369.jpg,83,$45,4
IMG_0697.jpeg,84,$45,12
IMG_5371.jpg,85,$40,6
IMG_0699.jpeg,86,$40,12
IMG_5373.jpg,87,$40,8
IMG_0701.jpeg,88,$45,6
IMG_5375.jpg,89,$50,4
IMG_0703.jpeg,90,$60,6
IMG_5377.jpg,91,$50,6
IMG_0705.jpeg,92,$50,L
IMG_5380.jpg,93,$40,M
IMG_0707.jpeg,94,$45,6
IMG_5382.jpg,95,$40,6
IMG_0709.jpeg,96,$40,8
IMG_5384.jpg,97,$40,6
IMG_0712.jpeg,98,$45,8
IMG_5386.jpg,99,$40,8
IMG_0714.jpeg,100,$50,8
IMG_5388.jpg,101,$50,8
IMG_0716.jpeg,102,$45,8
IMG_5390.jpg,103,$40,8
IMG_0718.jpeg,104,$45,8
IMG_5393.jpg,105,$50,8
IMG_0720.jpeg,106,$45,8
IMG_5395.jpg,107,$40,8
IMG_0722.jpeg,108,$45,8
IMG_5399.jpg,109,$40,8
IMG_0724.jpeg,110,$50,8
IMG_5401.jpg,111,$40,8
IMG_0730.jpeg,112,$55,8
IMG_0732.jpeg,114,$50,8
IMG_5327.jpg,115,$40,12
